,survived,pclass,sex,age,sibsp,parch,fare,embarked,class,who,adult_male,deck,embark_town,alive,alone
0,0,3,male,22.0,1,0,7.25,S,Third,man,True,C,Southampton,no,False
1,1,1,female,38.0,1,0,71.2833,C,First,woman,False,C,Cherbourg,yes,False
2,1,3,female,26.0,0,0,7.925,S,Third,woman,False,C,Southampton,yes,True
3,1,1,female,35.0,1,0,53.1,S,First,woman,False,C,Southampton,yes,False
4,0,3,male,35.0,0,0,8.05,S,Third,man,True,C,Southampton,no,True
5,0,3,male,29.69869565217391,0,0,8.4583,Q,Third,man,True,C,Queenstown,no,True
6,0,1,male,54.0,0,0,51.8625,S,First,man,True,E,Southampton,no,True
7,0,3,male,2.0,3,1,21.075,S,Third,child,False,C,Southampton,no,False
8,1,3,female,27.0,0,2,11.1333,S,Third,woman,False,C,Southampton,yes,False
9,1,2,female,14.0,1,0,30.0708,C,Second,child,False,C,Cherbourg,yes,False
10,1,3,female,4.0,1,1,16.7,S,Third,child,False,G,Southampton,yes,False
11,1,1,female,58.0,0,0,26.55,S,First,woman,False,C,Southampton,yes,True
12,0,3,male,20.0,0,0,8.05,S,Third,man,True,C,Southampton,no,True
13,0,3,male,39.0,1,5,31.275,S,Third,man,True,C,Southampton,no,False
14,0,3,female,14.0,0,0,7.8542,S,Third,child,False,C,Southampton,no,True
15,1,2,female,55.0,0,0,16.0,S,Second,woman,False,C,Southampton,yes,True
16,0,3,male,2.0,4,1,29.125,Q,Third,child,False,C,Queenstown,no,False
17,1,2,male,29.69869565217391,0,0,13.0,S,Second,man,True,C,Southampton,yes,True
18,0,3,female,31.0,1,0,18.0,S,Third,woman,False,C,Southampton,no,False
19,1,3,female,29.69869565217391,0,0,7.225,C,Third,woman,False,C,Cherbourg,yes,True
20,0,2,male,35.0,0,0,26.0,S,Second,man,True,C,Southampton,no,True
21,1,2,male,34.0,0,0,13.0,S,Second,man,True,D,Southampton,yes,True
22,1,3,female,15.0,0,0,8.0292,Q,Third,child,False,C,Queenstown,yes,True
23,1,1,male,28.0,0,0,35.5,S,First,man,True,A,Southampton,yes,True
24,0,3,female,8.0,3,1,21.075,S,Third,child,False,C,Southampton,no,False
25,1,3,female,38.0,1,5,31.3875,S,Third,woman,False,C,Southampton,yes,False
26,0,3,male,29.69869565217391,0,0,7.225,C,Third,man,True,C,Cherbourg,no,True
27,0,1,male,19.0,3,2,263.0,S,First,man,True,C,Southampton,no,False
28,1,3,female,29.69869565217391,0,0,7.8792,Q,Third,woman,False,C,Queenstown,yes,True
29,0,3,male,29.69869565217391,0,0,7.8958,S,Third,man,True,C,Southampton,no,True
30,0,1,male,40.0,0,0,27.7208,C,First,man,True,C,Cherbourg,no,True
31,1,1,female,29.69869565217391,1,0,146.5208,C,First,woman,False,B,Cherbourg,yes,False
32,1,3,female,29.69869565217391,0,0,7.75,Q,Third,woman,False,C,Queenstown,yes,True
33,0,2,male,66.0,0,0,10.5,S,Second,man,True,C,Southampton,no,True
34,0,1,male,28.0,1,0,82.1708,C,First,man,True,C,Cherbourg,no,False
35,0,1,male,42.0,1,0,52.0,S,First,man,True,C,Southampton,no,False
36,1,3,male,29.69869565217391,0,0,7.2292,C,Third,man,True,C,Cherbourg,yes,True
37,0,3,male,21.0,0,0,8.05,S,Third,man,True,C,Southampton,no,True
38,0,3,female,18.0,2,0,18.0,S,Third,woman,False,C,Southampton,no,False
39,1,3,female,14.0,1,0,11.2417,C,Third,child,False,C,Cherbourg,yes,False
40,0,3,female,40.0,1,0,9.475,S,Third,woman,False,C,Southampton,no,False
41,0,2,female,27.0,1,0,21.0,S,Second,woman,False,C,Southampton,no,False
42,0,3,male,29.69869565217391,0,0,7.8958,C,Third,man,True,C,Cherbourg,no,True
43,1,2,female,3.0,1,2,41.5792,C,Second,child,False,C,Cherbourg,yes,False
44,1,3,female,19.0,0,0,7.8792,Q,Third,woman,False,C,Queenstown,yes,True
45,0,3,male,29.69869565217391,0,0,8.05,S,Third,man,True,C,Southampton,no,True
46,0,3,male,29.69869565217391,1,0,15.5,Q,Third,man,True,C,Queenstown,no,False
48,0,3,male,29.69869565217391,2,0,21.6792,C,Third,man,True,C,Cherbourg,no,False
49,0,3,female,18.0,1,0,17.8,S,Third,woman,False,C,Southampton,no,False
50,0,3,male,7.0,4,1,39.6875,S,Third,child,False,C,Southampton,no,False
51,0,3,male,21.0,0,0,7.8,S,Third,man,True,C,Southampton,no,True
52,1,1,female,49.0,1,0,76.7292,C,First,woman,False,D,Cherbourg,yes,False
53,1,2,female,29.0,1,0,26.0,S,Second,woman,False,C,Southampton,yes,False
54,0,1,male,65.0,0,1,61.9792,C,First,man,True,B,Cherbourg,no,False
55,1,1,male,29.69869565217391,0,0,35.5,S,First,man,True,C,Southampton,yes,True
56,1,2,female,21.0,0,0,10.5,S,Second,woman,False,C,Southampton,yes,True
57,0,3,male,28.5,0,0,7.2292,C,Third,man,True,C,Cherbourg,no,True
58,1,2,female,5.0,1,2,27.75,S,Second,child,False,C,Southampton,yes,False
59,0,3,male,11.0,5,2,46.9,S,Third,child,False,C,Southampton,no,False
60,0,3,male,22.0,0,0,7.2292,C,Third,man,True,C,Cherbourg,no,True
62,0,1,male,45.0,1,0,83.475,S,First,man,True,C,Southampton,no,False
63,0,3,male,4.0,3,2,27.9,S,Third,child,False,C,Southampton,no,False
64,0,1,male,29.69869565217391,0,0,27.7208,C,First,man,True,C,Cherbourg,no,True
65,1,3,male,29.69869565217391,1,1,15.2458,C,Third,man,True,C,Cherbourg,yes,False
66,1,2,female,29.0,0,0,10.5,S,Second,woman,False,F,Southampton,yes,True
67,0,3,male,19.0,0,0,8.1583,S,Third,man,True,C,Southampton,no,True
68,1,3,female,17.0,4,2,7.925,S,Third,woman,False,C,Southampton,yes,False
69,0,3,male,26.0,2,0,8.6625,S,Third,man,True,C,Southampton,no,False
70,0,2,male,32.0,0,0,10.5,S,Second,man,True,C,Southampton,no,True
71,0,3,female,16.0,5,2,46.9,S,Third,woman,False,C,Southampton,no,False
72,0,2,male,21.0,0,0,73.5,S,Second,man,True,C,Southampton,no,True
73,0,3,male,26.0,1,0,14.4542,C,Third,man,True,C,Cherbourg,no,False
74,1,3,male,32.0,0,0,56.4958,S,Third,man,True,C,Southampton,yes,True
75,0,3,male,25.0,0,0,7.65,S,Third,man,True,F,Southampton,no,True
78,1,2,male,0.83,0,2,29.0,S,Second,child,False,C,Southampton,yes,False
79,1,3,female,30.0,0,0,12.475,S,Third,woman,False,C,Southampton,yes,True
80,0,3,male,22.0,0,0,9.0,S,Third,man,True,C,Southampton,no,True
81,1,3,male,29.0,0,0,9.5,S,Third,man,True,C,Southampton,yes,True
82,1,3,female,29.69869565217391,0,0,7.7875,Q,Third,woman,False,C,Queenstown,yes,True
83,0,1,male,28.0,0,0,47.1,S,First,man,True,C,Southampton,no,True
84,1,2,female,17.0,0,0,10.5,S,Second,woman,False,C,Southampton,yes,True
85,1,3,female,33.0,3,0,15.85,S,Third,woman,False,C,Southampton,yes,False
86,0,3,male,16.0,1,3,34.375,S,Third,man,True,C,Southampton,no,False
88,1,1,female,23.0,3,2,263.0,S,First,woman,False,C,Southampton,yes,False
89,0,3,male,24.0,0,0,8.05,S,Third,man,True,C,Southampton,no,True
90,0,3,male,29.0,0,0,8.05,S,Third,man,True,C,Southampton,no,True
91,0,3,male,20.0,0,0,7.8542,S,Third,man,True,C,Southampton,no,True
92,0,1,male,46.0,1,0,61.175,S,First,man,True,E,Southampton,no,False
93,0,3,male,26.0,1,2,20.575,S,Third,man,True,C,Southampton,no,False
94,0,3,male,59.0,0,0,7.25,S,Third,man,True,C,Southampton,no,True
96,0,1,male,71.0,0,0,34.6542,C,First,man,True,A,Cherbourg,no,True
97,1,1,male,23.0,0,1,63.3583,C,First,man,True,D,Cherbourg,yes,False
98,1,2,female,34.0,0,1,23.0,S,Second,woman,False,C,Southampton,yes,False
99,0,2,male,34.0,1,0,26.0,S,Second,man,True,C,Southampton,no,False
100,0,3,female,28.0,0,0,7.8958,S,Third,woman,False,C,Southampton,no,True
102,0,1,male,21.0,0,1,77.2875,S,First,man,True,D,Southampton,no,False
103,0,3,male,33.0,0,0,8.6542,S,Third,man,True,C,Southampton,no,True
104,0,3,male,37.0,2,0,7.925,S,Third,man,True,C,Southampton,no,False
105,0,3,male,28.0,0,0,7.8958,S,Third,man,True,C,Southampton,no,True
106,1,3,female,21.0,0,0,7.65,S,Third,woman,False,C,Southampton,yes,True
107,1,3,male,29.69869565217391,0,0,7.775,S,Third,man,True,C,Southampton,yes,True
108,0,3,male,38.0,0,0,7.8958,S,Third,man,True,C,Southampton,no,True
109,1,3,female,29.69869565217391,1,0,24.15,Q,Third,woman,False,C,Queenstown,yes,False
110,0,1,male,47.0,0,0,52.0,S,First,man,True,C,Southampton,no,True
111,0,3,female,14.5,1,0,14.4542,C,Third,child,False,C,Cherbourg,no,False
112,0,3,male,22.0,0,0,8.05,S,Third,man,True,C,Southampton,no,True
113,0,3,female,20.0,1,0,9.825,S,Third,woman,False,C,Southampton,no,False
114,0,3,female,17.0,0,0,14.4583,C,Third,woman,False,C,Cherbourg,no,True
115,0,3,male,21.0,0,0,7.925,S,Third,man,True,C,Southampton,no,True
116,0,3,male,70.5,0,0,7.75,Q,Third,man,True,C,Queenstown,no,True
117,0,2,male,29.0,1,0,21.0,S,Second,man,True,C,Southampton,no,False
118,0,1,male,24.0,0,1,247.5208,C,First,man,True,B,Cherbourg,no,False
119,0,3,female,2.0,4,2,31.275,S,Third,child,False,C,Southampton,no,False
120,0,2,male,21.0,2,0,73.5,S,Second,man,True,C,Southampton,no,False
122,0,2,male,32.5,1,0,30.0708,C,Second,man,True,C,Cherbourg,no,False
123,1,2,female,32.5,0,0,13.0,S,Second,woman,False,E,Southampton,yes,True
124,0,1,male,54.0,0,1,77.2875,S,First,man,True,D,Southampton,no,False
125,1,3,male,12.0,1,0,11.2417,C,Third,child,False,C,Cherbourg,yes,False
126,0,3,male,29.69869565217391,0,0,7.75,Q,Third,man,True,C,Queenstown,no,True
127,1,3,male,24.0,0,0,7.1417,S,Third,man,True,C,Southampton,yes,True
128,1,3,female,29.69869565217391,1,1,22.3583,C,Third,woman,False,F,Cherbourg,yes,False
129,0,3,male,45.0,0,0,6.975,S,Third,man,True,C,Southampton,no,True
130,0,3,male,33.0,0,0,7.8958,C,Third,man,True,C,Cherbourg,no,True
131,0,3,male,20.0,0,0,7.05,S,Third,man,True,C,Southampton,no,True
132,0,3,female,47.0,1,0,14.5,S,Third,woman,False,C,Southampton,no,False
134,0,2,male,25.0,0,0,13.0,S,Second,man,True,C,Southampton,no,True
135,0,2,male,23.0,0,0,15.0458,C,Second,man,True,C,Cherbourg,no,True
136,1,1,female,19.0,0,2,26.2833,S,First,woman,False,D,Southampton,yes,False
137,0,1,male,37.0,1,0,53.1,S,First,man,True,C,Southampton,no,False
138,0,3,male,16.0,0,0,9.2167,S,Third,man,True,C,Southampton,no,True
139,0,1,male,24.0,0,0,79.2,C,First,man,True,B,Cherbourg,no,True
140,0,3,female,29.69869565217391,0,2,15.2458,C,Third,woman,False,C,Cherbourg,no,False
141,1,3,female,22.0,0,0,7.75,S,Third,woman,False,C,Southampton,yes,True
142,1,3,female,24.0,1,0,15.85,S,Third,woman,False,C,Southampton,yes,False
143,0,3,male,19.0,0,0,6.75,Q,Third,man,True,C,Queenstown,no,True
144,0,2,male,18.0,0,0,11.5,S,Second,man,True,C,Southampton,no,True
145,0,2,male,19.0,1,1,36.75,S,Second,man,True,C,Southampton,no,False
146,1,3,male,27.0,0,0,7.7958,S,Third,man,True,C,Southampton,yes,True
147,0,3,female,9.0,2,2,34.375,S,Third,child,False,C,Southampton,no,False
148,0,2,male,36.5,0,2,26.0,S,Second,man,True,F,Southampton,no,False
149,0,2,male,42.0,0,0,13.0,S,Second,man,True,C,Southampton,no,True
150,0,2,male,51.0,0,0,12.525,S,Second,man,True,C,Southampton,no,True
151,1,1,female,22.0,1,0,66.6,S,First,woman,False,C,Southampton,yes,False
152,0,3,male,55.5,0,0,8.05,S,Third,man,True,C,Southampton,no,True
153,0,3,male,40.5,0,2,14.5,S,Third,man,True,C,Southampton,no,False
154,0,3,male,29.69869565217391,0,0,7.3125,S,Third,man,True,C,Southampton,no,True
155,0,1,male,51.0,0,1,61.3792,C,First,man,True,C,Cherbourg,no,False
156,1,3,female,16.0,0,0,7.7333,Q,Third,woman,False,C,Queenstown,yes,True
157,0,3,male,30.0,0,0,8.05,S,Third,man,True,C,Southampton,no,True
158,0,3,male,29.69869565217391,0,0,8.6625,S,Third,man,True,C,Southampton,no,True
159,0,3,male,29.69869565217391,8,2,69.55,S,Third,man,True,C,Southampton,no,False
160,0,3,male,44.0,0,1,16.1,S,Third,man,True,C,Southampton,no,False
161,1,2,female,40.0,0,0,15.75,S,Second,woman,False,C,Southampton,yes,True
162,0,3,male,26.0,0,0,7.775,S,Third,man,True,C,Southampton,no,True
163,0,3,male,17.0,0,0,8.6625,S,Third,man,True,C,Southampton,no,True
164,0,3,male,1.0,4,1,39.6875,S,Third,child,False,C,Southampton,no,False
165,1,3,male,9.0,0,2,20.525,S,Third,child,False,C,Southampton,yes,False
166,1,1,female,29.69869565217391,0,1,55.0,S,First,woman,False,E,Southampton,yes,False
167,0,3,female,45.0,1,4,27.9,S,Third,woman,False,C,Southampton,no,False
168,0,1,male,29.69869565217391,0,0,25.925,S,First,man,True,C,Southampton,no,True
169,0,3,male,28.0,0,0,56.4958,S,Third,man,True,C,Southampton,no,True
170,0,1,male,61.0,0,0,33.5,S,First,man,True,B,Southampton,no,True
171,0,3,male,4.0,4,1,29.125,Q,Third,child,False,C,Queenstown,no,False
172,1,3,female,1.0,1,1,11.1333,S,Third,child,False,C,Southampton,yes,False
174,0,1,male,56.0,0,0,30.6958,C,First,man,True,A,Cherbourg,no,True
175,0,3,male,18.0,1,1,7.8542,S,Third,man,True,C,Southampton,no,False
176,0,3,male,29.69869565217391,3,1,25.4667,S,Third,man,True,C,Southampton,no,False
177,0,1,female,50.0,0,0,28.7125,C,First,woman,False,C,Cherbourg,no,True
178,0,2,male,30.0,0,0,13.0,S,Second,man,True,C,Southampton,no,True
179,0,3,male,36.0,0,0,0.0,S,Third,man,True,C,Southampton,no,True
180,0,3,female,29.69869565217391,8,2,69.55,S,Third,woman,False,C,Southampton,no,False
181,0,2,male,29.69869565217391,0,0,15.05,C,Second,man,True,C,Cherbourg,no,True
182,0,3,male,9.0,4,2,31.3875,S,Third,child,False,C,Southampton,no,False
183,1,2,male,1.0,2,1,39.0,S,Second,child,False,F,Southampton,yes,False
184,1,3,female,4.0,0,2,22.025,S,Third,child,False,C,Southampton,yes,False
185,0,1,male,29.69869565217391,0,0,50.0,S,First,man,True,A,Southampton,no,True
186,1,3,female,29.69869565217391,1,0,15.5,Q,Third,woman,False,C,Queenstown,yes,False
187,1,1,male,45.0,0,0,26.55,S,First,man,True,C,Southampton,yes,True
188,0,3,male,40.0,1,1,15.5,Q,Third,man,True,C,Queenstown,no,False
189,0,3,male,36.0,0,0,7.8958,S,Third,man,True,C,Southampton,no,True
190,1,2,female,32.0,0,0,13.0,S,Second,woman,False,C,Southampton,yes,True
191,0,2,male,19.0,0,0,13.0,S,Second,man,True,C,Southampton,no,True
192,1,3,female,19.0,1,0,7.8542,S,Third,woman,False,C,Southampton,yes,False
193,1,2,male,3.0,1,1,26.0,S,Second,child,False,F,Southampton,yes,False
194,1,1,female,44.0,0,0,27.7208,C,First,woman,False,B,Cherbourg,yes,True
195,1,1,female,58.0,0,0,146.5208,C,First,woman,False,B,Cherbourg,yes,True
197,0,3,male,42.0,0,1,8.4042,S,Third,man,True,C,Southampton,no,False
199,0,2,female,24.0,0,0,13.0,S,Second,woman,False,C,Southampton,no,True
200,0,3,male,28.0,0,0,9.5,S,Third,man,True,C,Southampton,no,True
202,0,3,male,34.0,0,0,6.4958,S,Third,man,True,C,Southampton,no,True
203,0,3,male,45.5,0,0,7.225,C,Third,man,True,C,Cherbourg,no,True
204,1,3,male,18.0,0,0,8.05,S,Third,man,True,C,Southampton,yes,True
205,0,3,female,2.0,0,1,10.4625,S,Third,child,False,G,Southampton,no,False
206,0,3,male,32.0,1,0,15.85,S,Third,man,True,C,Southampton,no,False
207,1,3,male,26.0,0,0,18.7875,C,Third,man,True,C,Cherbourg,yes,True
208,1,3,female,16.0,0,0,7.75,Q,Third,woman,False,C,Queenstown,yes,True
209,1,1,male,40.0,0,0,31.0,C,First,man,True,A,Cherbourg,yes,True
210,0,3,male,24.0,0,0,7.05,S,Third,man,True,C,Southampton,no,True
211,1,2,female,35.0,0,0,21.0,S,Second,woman,False,C,Southampton,yes,True
212,0,3,male,22.0,0,0,7.25,S,Third,man,True,C,Southampton,no,True
214,1,1,female,31.0,1,0,113.275,C,First,woman,False,D,Cherbourg,yes,False
215,1,3,female,27.0,0,0,7.925,S,Third,woman,False,C,Southampton,yes,True
216,0,2,male,42.0,1,0,27.0,S,Second,man,True,C,Southampton,no,False
217,1,1,female,32.0,0,0,76.2917,C,First,woman,False,D,Cherbourg,yes,True
218,0,2,male,30.0,0,0,10.5,S,Second,man,True,C,Southampton,no,True
219,1,3,male,16.0,0,0,8.05,S,Third,man,True,C,Southampton,yes,True
220,0,2,male,27.0,0,0,13.0,S,Second,man,True,C,Southampton,no,True
221,0,3,male,51.0,0,0,8.05,S,Third,man,True,C,Southampton,no,True
223,1,1,male,38.0,1,0,90.0,S,First,man,True,C,Southampton,yes,False
224,0,3,male,22.0,0,0,9.35,S,Third,man,True,C,Southampton,no,True
225,1,2,male,19.0,0,0,10.5,S,Second,man,True,C,Southampton,yes,True
226,0,3,male,20.5,0,0,7.25,S,Third,man,True,C,Southampton,no,True
227,0,2,male,18.0,0,0,13.0,S,Second,man,True,C,Southampton,no,True
228,0,3,female,29.69869565217391,3,1,25.4667,S,Third,woman,False,C,Southampton,no,False
229,1,1,female,35.0,1,0,83.475,S,First,woman,False,C,Southampton,yes,False
230,0,3,male,29.0,0,0,7.775,S,Third,man,True,C,Southampton,no,True
231,0,2,male,59.0,0,0,13.5,S,Second,man,True,C,Southampton,no,True
232,1,3,female,5.0,4,2,31.3875,S,Third,child,False,C,Southampton,yes,False
233,0,2,male,24.0,0,0,10.5,S,Second,man,True,C,Southampton,no,True
234,0,3,female,29.69869565217391,0,0,7.55,S,Third,woman,False,C,Southampton,no,True
235,0,2,male,44.0,1,0,26.0,S,Second,man,True,C,Southampton,no,False
236,1,2,female,8.0,0,2,26.25,S,Second,child,False,C,Southampton,yes,False
237,0,2,male,19.0,0,0,10.5,S,Second,man,True,C,Southampton,no,True
238,0,2,male,33.0,0,0,12.275,S,Second,man,True,C,Southampton,no,True
239,0,3,female,29.69869565217391,1,0,14.4542,C,Third,woman,False,C,Cherbourg,no,False
241,0,2,male,29.0,0,0,10.5,S,Second,man,True,C,Southampton,no,True
242,0,3,male,22.0,0,0,7.125,S,Third,man,True,C,Southampton,no,True
243,0,3,male,30.0,0,0,7.225,C,Third,man,True,C,Cherbourg,no,True
244,0,1,male,44.0,2,0,90.0,Q,First,man,True,C,Queenstown,no,False
245,0,3,female,25.0,0,0,7.775,S,Third,woman,False,C,Southampton,no,True
246,1,2,female,24.0,0,2,14.5,S,Second,woman,False,C,Southampton,yes,False
247,1,1,male,37.0,1,1,52.5542,S,First,man,True,D,Southampton,yes,False
248,0,2,male,54.0,1,0,26.0,S,Second,man,True,C,Southampton,no,False
249,0,3,male,29.69869565217391,0,0,7.25,S,Third,man,True,C,Southampton,no,True
250,0,3,female,29.0,1,1,10.4625,S,Third,woman,False,G,Southampton,no,False
251,0,1,male,62.0,0,0,26.55,S,First,man,True,C,Southampton,no,True
252,0,3,male,30.0,1,0,16.1,S,Third,man,True,C,Southampton,no,False
253,0,3,female,41.0,0,2,20.2125,S,Third,woman,False,C,Southampton,no,False
254,1,3,female,29.0,0,2,15.2458,C,Third,woman,False,C,Cherbourg,yes,False
255,1,1,female,29.69869565217391,0,0,79.2,C,First,woman,False,C,Cherbourg,yes,True
256,1,1,female,30.0,0,0,86.5,S,First,woman,False,B,Southampton,yes,True
257,1,1,female,35.0,0,0,512.3292,C,First,woman,False,C,Cherbourg,yes,True
258,1,2,female,50.0,0,1,26.0,S,Second,woman,False,C,Southampton,yes,False
260,1,3,male,3.0,4,2,31.3875,S,Third,child,False,C,Southampton,yes,False
261,0,1,male,52.0,1,1,79.65,S,First,man,True,E,Southampton,no,False
262,0,1,male,40.0,0,0,0.0,S,First,man,True,B,Southampton,no,True
263,0,3,female,29.69869565217391,0,0,7.75,Q,Third,woman,False,C,Queenstown,no,True
264,0,2,male,36.0,0,0,10.5,S,Second,man,True,C,Southampton,no,True
265,0,3,male,16.0,4,1,39.6875,S,Third,man,True,C,Southampton,no,False
266,1,3,male,25.0,1,0,7.775,S,Third,man,True,C,Southampton,yes,False
267,1,1,female,58.0,0,1,153.4625,S,First,woman,False,C,Southampton,yes,False
268,1,1,female,35.0,0,0,135.6333,S,First,woman,False,C,Southampton,yes,True
269,0,1,male,29.69869565217391,0,0,31.0,S,First,man,True,C,Southampton,no,True
270,1,3,male,25.0,0,0,0.0,S,Third,man,True,C,Southampton,yes,True
271,1,2,female,41.0,0,1,19.5,S,Second,woman,False,C,Southampton,yes,False
272,0,1,male,37.0,0,1,29.7,C,First,man,True,C,Cherbourg,no,False
274,1,1,female,63.0,1,0,77.9583,S,First,woman,False,D,Southampton,yes,False
275,0,3,female,45.0,0,0,7.75,S,Third,woman,False,C,Southampton,no,True
276,0,2,male,29.69869565217391,0,0,0.0,S,Second,man,True,C,Southampton,no,True
277,0,3,male,7.0,4,1,29.125,Q,Third,child,False,C,Queenstown,no,False
278,1,3,female,35.0,1,1,20.25,S,Third,woman,False,C,Southampton,yes,False
279,0,3,male,65.0,0,0,7.75,Q,Third,man,True,C,Queenstown,no,True
280,0,3,male,28.0,0,0,7.8542,S,Third,man,True,C,Southampton,no,True
281,0,3,male,16.0,0,0,9.5,S,Third,man,True,C,Southampton,no,True
282,1,3,male,19.0,0,0,8.05,S,Third,man,True,C,Southampton,yes,True
283,0,1,male,29.69869565217391,0,0,26.0,S,First,man,True,A,Southampton,no,True
284,0,3,male,33.0,0,0,8.6625,C,Third,man,True,C,Cherbourg,no,True
285,1,3,male,30.0,0,0,9.5,S,Third,man,True,C,Southampton,yes,True
286,0,3,male,22.0,0,0,7.8958,S,Third,man,True,C,Southampton,no,True
287,1,2,male,42.0,0,0,13.0,S,Second,man,True,C,Southampton,yes,True
288,1,3,female,22.0,0,0,7.75,Q,Third,woman,False,C,Queenstown,yes,True
289,1,1,female,26.0,0,0,78.85,S,First,woman,False,C,Southampton,yes,True
290,1,1,female,19.0,1,0,91.0792,C,First,woman,False,B,Cherbourg,yes,False
291,0,2,male,36.0,0,0,12.875,C,Second,man,True,D,Cherbourg,no,True
292,0,3,female,24.0,0,0,8.85,S,Third,woman,False,C,Southampton,no,True
293,0,3,male,24.0,0,0,7.8958,S,Third,man,True,C,Southampton,no,True
295,0,3,male,23.5,0,0,7.2292,C,Third,man,True,C,Cherbourg,no,True
296,0,1,female,2.0,1,2,151.55,S,First,child,False,C,Southampton,no,False
297,1,1,male,29.69869565217391,0,0,30.5,S,First,man,True,C,Southampton,yes,True
298,1,1,female,50.0,0,1,247.5208,C,First,woman,False,B,Cherbourg,yes,False
300,1,3,male,29.69869565217391,2,0,23.25,Q,Third,man,True,C,Queenstown,yes,False
301,0,3,male,19.0,0,0,0.0,S,Third,man,True,C,Southampton,no,True
302,1,2,female,29.69869565217391,0,0,12.35,Q,Second,woman,False,E,Queenstown,yes,True
304,1,1,male,0.92,1,2,151.55,S,First,child,False,C,Southampton,yes,False
305,1,1,female,29.69869565217391,0,0,110.8833,C,First,woman,False,C,Cherbourg,yes,True
306,1,1,female,17.0,1,0,108.9,C,First,woman,False,C,Cherbourg,yes,False
307,0,2,male,30.0,1,0,24.0,C,Second,man,True,C,Cherbourg,no,False
308,1,1,female,30.0,0,0,56.9292,C,First,woman,False,E,Cherbourg,yes,True
309,1,1,female,24.0,0,0,83.1583,C,First,woman,False,C,Cherbourg,yes,True
310,1,1,female,18.0,2,2,262.375,C,First,woman,False,B,Cherbourg,yes,False
311,0,2,female,26.0,1,1,26.0,S,Second,woman,False,C,Southampton,no,False
313,0,2,male,43.0,1,1,26.25,S,Second,man,True,C,Southampton,no,False
314,1,3,female,26.0,0,0,7.8542,S,Third,woman,False,C,Southampton,yes,True
315,1,2,female,24.0,1,0,26.0,S,Second,woman,False,C,Southampton,yes,False
316,0,2,male,54.0,0,0,14.0,S,Second,man,True,C,Southampton,no,True
317,1,1,female,31.0,0,2,164.8667,S,First,woman,False,C,Southampton,yes,False
318,1,1,female,40.0,1,1,134.5,C,First,woman,False,E,Cherbourg,yes,False
320,0,3,male,27.0,0,0,7.8958,S,Third,man,True,C,Southampton,no,True
321,1,2,female,30.0,0,0,12.35,Q,Second,woman,False,C,Queenstown,yes,True
322,1,2,female,22.0,1,1,29.0,S,Second,woman,False,C,Southampton,yes,False
324,1,1,female,36.0,0,0,135.6333,C,First,woman,False,C,Cherbourg,yes,True
325,0,3,male,61.0,0,0,6.2375,S,Third,man,True,C,Southampton,no,True
326,1,2,female,36.0,0,0,13.0,S,Second,woman,False,D,Southampton,yes,True
327,1,3,female,31.0,1,1,20.525,S,Third,woman,False,C,Southampton,yes,False
328,1,1,female,16.0,0,1,57.9792,C,First,woman,False,B,Cherbourg,yes,False
329,1,3,female,29.69869565217391,2,0,23.25,Q,Third,woman,False,C,Queenstown,yes,False
330,0,1,male,45.5,0,0,28.5,S,First,man,True,C,Southampton,no,True
331,0,1,male,38.0,0,1,153.4625,S,First,man,True,C,Southampton,no,False
332,0,3,male,16.0,2,0,18.0,S,Third,man,True,C,Southampton,no,False
333,1,1,female,29.69869565217391,1,0,133.65,S,First,woman,False,C,Southampton,yes,False
335,0,1,male,29.0,1,0,66.6,S,First,man,True,C,Southampton,no,False
336,1,1,female,41.0,0,0,134.5,C,First,woman,False,E,Cherbourg,yes,True
337,1,3,male,45.0,0,0,8.05,S,Third,man,True,C,Southampton,yes,True
338,0,1,male,45.0,0,0,35.5,S,First,man,True,C,Southampton,no,True
339,1,2,male,2.0,1,1,26.0,S,Second,child,False,F,Southampton,yes,False
340,1,1,female,24.0,3,2,263.0,S,First,woman,False,C,Southampton,yes,False
341,0,2,male,28.0,0,0,13.0,S,Second,man,True,C,Southampton,no,True
343,0,2,male,36.0,0,0,13.0,S,Second,man,True,C,Southampton,no,True
344,1,2,female,24.0,0,0,13.0,S,Second,woman,False,F,Southampton,yes,True
345,1,2,female,40.0,0,0,13.0,S,Second,woman,False,C,Southampton,yes,True
346,1,3,female,29.69869565217391,1,0,16.1,S,Third,woman,False,C,Southampton,yes,False
347,1,3,male,3.0,1,1,15.9,S,Third,child,False,C,Southampton,yes,False
348,0,3,male,42.0,0,0,8.6625,S,Third,man,True,C,Southampton,no,True
349,0,3,male,23.0,0,0,9.225,S,Third,man,True,C,Southampton,no,True
350,0,1,male,29.69869565217391,0,0,35.0,S,First,man,True,C,Southampton,no,True
351,0,3,male,15.0,1,1,7.2292,C,Third,child,False,C,Cherbourg,no,False
352,0,3,male,25.0,1,0,17.8,S,Third,man,True,C,Southampton,no,False
355,1,1,female,22.0,0,1,55.0,S,First,woman,False,E,Southampton,yes,False
356,0,2,female,38.0,0,0,13.0,S,Second,woman,False,C,Southampton,no,True
359,0,3,male,40.0,1,4,27.9,S,Third,man,True,C,Southampton,no,False
360,0,2,male,29.0,1,0,27.7208,C,Second,man,True,C,Cherbourg,no,False
361,0,3,female,45.0,0,1,14.4542,C,Third,woman,False,C,Cherbourg,no,False
362,0,3,male,35.0,0,0,7.05,S,Third,man,True,C,Southampton,no,True
364,0,3,male,30.0,0,0,7.25,S,Third,man,True,C,Southampton,no,True
365,1,1,female,60.0,1,0,75.25,C,First,woman,False,D,Cherbourg,yes,False
366,1,3,female,29.69869565217391,0,0,7.2292,C,Third,woman,False,C,Cherbourg,yes,True
368,1,1,female,24.0,0,0,69.3,C,First,woman,False,B,Cherbourg,yes,True
369,1,1,male,25.0,1,0,55.4417,C,First,man,True,E,Cherbourg,yes,False
370,0,3,male,18.0,1,0,6.4958,S,Third,man,True,C,Southampton,no,False
371,0,3,male,19.0,0,0,8.05,S,Third,man,True,C,Southampton,no,True
372,0,1,male,22.0,0,0,135.6333,C,First,man,True,C,Cherbourg,no,True
373,0,3,female,3.0,3,1,21.075,S,Third,child,False,C,Southampton,no,False
374,1,1,female,29.69869565217391,1,0,82.1708,C,First,woman,False,C,Cherbourg,yes,False
375,1,3,female,22.0,0,0,7.25,S,Third,woman,False,C,Southampton,yes,True
376,0,1,male,27.0,0,2,211.5,C,First,man,True,C,Cherbourg,no,False
377,0,3,male,20.0,0,0,4.0125,C,Third,man,True,C,Cherbourg,no,True
378,0,3,male,19.0,0,0,7.775,S,Third,man,True,C,Southampton,no,True
379,1,1,female,42.0,0,0,227.525,C,First,woman,False,C,Cherbourg,yes,True
380,1,3,female,1.0,0,2,15.7417,C,Third,child,False,C,Cherbourg,yes,False
381,0,3,male,32.0,0,0,7.925,S,Third,man,True,C,Southampton,no,True
382,1,1,female,35.0,1,0,52.0,S,First,woman,False,C,Southampton,yes,False
384,0,2,male,18.0,0,0,73.5,S,Second,man,True,C,Southampton,no,True
385,0,3,male,1.0,5,2,46.9,S,Third,child,False,C,Southampton,no,False
386,1,2,female,36.0,0,0,13.0,S,Second,woman,False,C,Southampton,yes,True
387,0,3,male,29.69869565217391,0,0,7.7292,Q,Third,man,True,C,Queenstown,no,True
388,1,2,female,17.0,0,0,12.0,C,Second,woman,False,C,Cherbourg,yes,True
389,1,1,male,36.0,1,2,120.0,S,First,man,True,B,Southampton,yes,False
390,1,3,male,21.0,0,0,7.7958,S,Third,man,True,C,Southampton,yes,True
391,0,3,male,28.0,2,0,7.925,S,Third,man,True,C,Southampton,no,False
392,1,1,female,23.0,1,0,113.275,C,First,woman,False,D,Cherbourg,yes,False
393,1,3,female,24.0,0,2,16.7,S,Third,woman,False,G,Southampton,yes,False
394,0,3,male,22.0,0,0,7.7958,S,Third,man,True,C,Southampton,no,True
395,0,3,female,31.0,0,0,7.8542,S,Third,woman,False,C,Southampton,no,True
396,0,2,male,46.0,0,0,26.0,S,Second,man,True,C,Southampton,no,True
397,0,2,male,23.0,0,0,10.5,S,Second,man,True,C,Southampton,no,True
398,1,2,female,28.0,0,0,12.65,S,Second,woman,False,C,Southampton,yes,True
399,1,3,male,39.0,0,0,7.925,S,Third,man,True,C,Southampton,yes,True
400,0,3,male,26.0,0,0,8.05,S,Third,man,True,C,Southampton,no,True
401,0,3,female,21.0,1,0,9.825,S,Third,woman,False,C,Southampton,no,False
402,0,3,male,28.0,1,0,15.85,S,Third,man,True,C,Southampton,no,False
403,0,3,female,20.0,0,0,8.6625,S,Third,woman,False,C,Southampton,no,True
404,0,2,male,34.0,1,0,21.0,S,Second,man,True,C,Southampton,no,False
405,0,3,male,51.0,0,0,7.75,S,Third,man,True,C,Southampton,no,True
406,1,2,male,3.0,1,1,18.75,S,Second,child,False,C,Southampton,yes,False
407,0,3,male,21.0,0,0,7.775,S,Third,man,True,C,Southampton,no,True
410,0,3,male,29.69869565217391,0,0,6.8583,Q,Third,man,True,C,Queenstown,no,True
411,1,1,female,33.0,1,0,90.0,Q,First,woman,False,C,Queenstown,yes,False
413,1,3,male,44.0,0,0,7.925,S,Third,man,True,C,Southampton,yes,True
414,0,3,female,29.69869565217391,0,0,8.05,S,Third,woman,False,C,Southampton,no,True
415,1,2,female,34.0,1,1,32.5,S,Second,woman,False,C,Southampton,yes,False
416,1,2,female,18.0,0,2,13.0,S,Second,woman,False,C,Southampton,yes,False
418,0,3,female,10.0,0,2,24.15,S,Third,child,False,C,Southampton,no,False
420,0,3,male,21.0,0,0,7.7333,Q,Third,man,True,C,Queenstown,no,True
421,0,3,male,29.0,0,0,7.875,S,Third,man,True,C,Southampton,no,True
422,0,3,female,28.0,1,1,14.4,S,Third,woman,False,C,Southampton,no,False
423,0,3,male,18.0,1,1,20.2125,S,Third,man,True,C,Southampton,no,False
425,1,2,female,28.0,1,0,26.0,S,Second,woman,False,C,Southampton,yes,False
426,1,2,female,19.0,0,0,26.0,S,Second,woman,False,C,Southampton,yes,True
428,1,3,male,32.0,0,0,8.05,S,Third,man,True,E,Southampton,yes,True
429,1,1,male,28.0,0,0,26.55,S,First,man,True,C,Southampton,yes,True
431,1,2,female,42.0,1,0,26.0,S,Second,woman,False,C,Southampton,yes,False
432,0,3,male,17.0,0,0,7.125,S,Third,man,True,C,Southampton,no,True
433,0,1,male,50.0,1,0,55.9,S,First,man,True,E,Southampton,no,False
434,1,1,female,14.0,1,2,120.0,S,First,child,False,B,Southampton,yes,False
435,0,3,female,21.0,2,2,34.375,S,Third,woman,False,C,Southampton,no,False
436,1,2,female,24.0,2,3,18.75,S,Second,woman,False,C,Southampton,yes,False
437,0,1,male,64.0,1,4,263.0,S,First,man,True,C,Southampton,no,False
438,0,2,male,31.0,0,0,10.5,S,Second,man,True,C,Southampton,no,True
439,1,2,female,45.0,1,1,26.25,S,Second,woman,False,C,Southampton,yes,False
440,0,3,male,20.0,0,0,9.5,S,Third,man,True,C,Southampton,no,True
441,0,3,male,25.0,1,0,7.775,S,Third,man,True,C,Southampton,no,False
442,1,2,female,28.0,0,0,13.0,S,Second,woman,False,C,Southampton,yes,True
443,1,3,male,29.69869565217391,0,0,8.1125,S,Third,man,True,C,Southampton,yes,True
444,1,1,male,4.0,0,2,81.8583,S,First,child,False,A,Southampton,yes,False
445,1,2,female,13.0,0,1,19.5,S,Second,child,False,C,Southampton,yes,False
446,1,1,male,34.0,0,0,26.55,S,First,man,True,C,Southampton,yes,True
447,1,3,female,5.0,2,1,19.2583,C,Third,child,False,C,Cherbourg,yes,False
448,1,1,male,52.0,0,0,30.5,S,First,man,True,C,Southampton,yes,True
449,0,2,male,36.0,1,2,27.75,S,Second,man,True,C,Southampton,no,False
450,0,3,male,29.69869565217391,1,0,19.9667,S,Third,man,True,C,Southampton,no,False
451,0,1,male,30.0,0,0,27.75,C,First,man,True,C,Cherbourg,no,True
452,1,1,male,49.0,1,0,89.1042,C,First,man,True,C,Cherbourg,yes,False
454,1,3,male,29.0,0,0,7.8958,C,Third,man,True,C,Cherbourg,yes,True
455,0,1,male,65.0,0,0,26.55,S,First,man,True,E,Southampton,no,True
456,1,1,female,29.69869565217391,1,0,51.8625,S,First,woman,False,D,Southampton,yes,False
457,1,2,female,50.0,0,0,10.5,S,Second,woman,False,C,Southampton,yes,True
459,1,1,male,48.0,0,0,26.55,S,First,man,True,E,Southampton,yes,True
460,0,3,male,34.0,0,0,8.05,S,Third,man,True,C,Southampton,no,True
461,0,1,male,47.0,0,0,38.5,S,First,man,True,E,Southampton,no,True
462,0,2,male,48.0,0,0,13.0,S,Second,man,True,C,Southampton,no,True
464,0,3,male,38.0,0,0,7.05,S,Third,man,True,C,Southampton,no,True
466,0,1,male,56.0,0,0,26.55,S,First,man,True,C,Southampton,no,True
467,0,3,male,29.69869565217391,0,0,7.725,Q,Third,man,True,C,Queenstown,no,True
468,1,3,female,0.75,2,1,19.2583,C,Third,child,False,C,Cherbourg,yes,False
470,0,3,male,38.0,0,0,8.6625,S,Third,man,True,C,Southampton,no,True
471,1,2,female,33.0,1,2,27.75,S,Second,woman,False,C,Southampton,yes,False
472,1,2,female,23.0,0,0,13.7917,C,Second,woman,False,D,Cherbourg,yes,True
473,0,3,female,22.0,0,0,9.8375,S,Third,woman,False,C,Southampton,no,True
474,0,1,male,29.69869565217391,0,0,52.0,S,First,man,True,A,Southampton,no,True
476,0,3,male,29.0,1,0,7.0458,S,Third,man,True,C,Southampton,no,False
477,0,3,male,22.0,0,0,7.5208,S,Third,man,True,C,Southampton,no,True
478,1,3,female,2.0,0,1,12.2875,S,Third,child,False,C,Southampton,yes,False
479,0,3,male,9.0,5,2,46.9,S,Third,child,False,C,Southampton,no,False
481,0,3,male,50.0,0,0,8.05,S,Third,man,True,C,Southampton,no,True
482,1,3,female,63.0,0,0,9.5875,S,Third,woman,False,C,Southampton,yes,True
483,1,1,male,25.0,1,0,91.0792,C,First,man,True,B,Cherbourg,yes,False
485,1,1,female,35.0,1,0,90.0,S,First,woman,False,C,Southampton,yes,False
486,0,1,male,58.0,0,0,29.7,C,First,man,True,B,Cherbourg,no,True
488,1,3,male,9.0,1,1,15.9,S,Third,child,False,C,Southampton,yes,False
490,0,3,male,21.0,0,0,7.25,S,Third,man,True,C,Southampton,no,True
491,0,1,male,55.0,0,0,30.5,S,First,man,True,C,Southampton,no,True
492,0,1,male,71.0,0,0,49.5042,C,First,man,True,C,Cherbourg,no,True
494,0,3,male,29.69869565217391,0,0,14.4583,C,Third,man,True,C,Cherbourg,no,True
495,1,1,female,54.0,1,0,78.2667,C,First,woman,False,D,Cherbourg,yes,False
496,0,3,male,29.69869565217391,0,0,15.1,S,Third,man,True,C,Southampton,no,True
497,0,1,female,25.0,1,2,151.55,S,First,woman,False,C,Southampton,no,False
498,0,3,male,24.0,0,0,7.7958,S,Third,man,True,C,Southampton,no,True
500,0,3,female,21.0,0,0,7.75,Q,Third,woman,False,C,Queenstown,no,True
501,0,3,female,29.69869565217391,0,0,7.6292,Q,Third,woman,False,C,Queenstown,no,True
502,0,3,female,37.0,0,0,9.5875,S,Third,woman,False,C,Southampton,no,True
503,1,1,female,16.0,0,0,86.5,S,First,woman,False,B,Southampton,yes,True
504,0,1,male,18.0,1,0,108.9,C,First,man,True,C,Cherbourg,no,False
505,1,2,female,33.0,0,2,26.0,S,Second,woman,False,C,Southampton,yes,False
506,1,1,male,29.69869565217391,0,0,26.55,S,First,man,True,C,Southampton,yes,True
507,0,3,male,28.0,0,0,22.525,S,Third,man,True,C,Southampton,no,True
508,1,3,male,26.0,0,0,56.4958,S,Third,man,True,C,Southampton,yes,True
509,1,3,male,29.0,0,0,7.75,Q,Third,man,True,C,Queenstown,yes,True
511,1,1,male,36.0,0,0,26.2875,S,First,man,True,E,Southampton,yes,True
512,1,1,female,54.0,1,0,59.4,C,First,woman,False,C,Cherbourg,yes,False
513,0,3,male,24.0,0,0,7.4958,S,Third,man,True,C,Southampton,no,True
514,0,1,male,47.0,0,0,34.0208,S,First,man,True,D,Southampton,no,True
515,1,2,female,34.0,0,0,10.5,S,Second,woman,False,F,Southampton,yes,True
516,0,3,male,29.69869565217391,0,0,24.15,Q,Third,man,True,C,Queenstown,no,True
517,1,2,female,36.0,1,0,26.0,S,Second,woman,False,C,Southampton,yes,False
518,0,3,male,32.0,0,0,7.8958,S,Third,man,True,C,Southampton,no,True
519,1,1,female,30.0,0,0,93.5,S,First,woman,False,B,Southampton,yes,True
522,1,1,female,44.0,0,1,57.9792,C,First,woman,False,B,Cherbourg,yes,False
523,0,3,male,29.69869565217391,0,0,7.2292,C,Third,man,True,C,Cherbourg,no,True
524,0,3,male,40.5,0,0,7.75,Q,Third,man,True,C,Queenstown,no,True
526,0,1,male,29.69869565217391,0,0,221.7792,S,First,man,True,C,Southampton,no,True
527,0,3,male,39.0,0,0,7.925,S,Third,man,True,C,Southampton,no,True
528,0,2,male,23.0,2,1,11.5,S,Second,man,True,C,Southampton,no,False
529,1,2,female,2.0,1,1,26.0,S,Second,child,False,C,Southampton,yes,False
531,0,3,male,17.0,1,1,7.2292,C,Third,man,True,C,Cherbourg,no,False
532,1,3,female,29.69869565217391,0,2,22.3583,C,Third,woman,False,C,Cherbourg,yes,False
533,0,3,female,30.0,0,0,8.6625,S,Third,woman,False,C,Southampton,no,True
534,1,2,female,7.0,0,2,26.25,S,Second,child,False,C,Southampton,yes,False
535,0,1,male,45.0,0,0,26.55,S,First,man,True,B,Southampton,no,True
536,1,1,female,30.0,0,0,106.425,C,First,woman,False,C,Cherbourg,yes,True
537,0,3,male,29.69869565217391,0,0,14.5,S,Third,man,True,C,Southampton,no,True
538,1,1,female,22.0,0,2,49.5,C,First,woman,False,B,Cherbourg,yes,False
539,1,1,female,36.0,0,2,71.0,S,First,woman,False,B,Southampton,yes,False
540,0,3,female,9.0,4,2,31.275,S,Third,child,False,C,Southampton,no,False
541,0,3,female,11.0,4,2,31.275,S,Third,child,False,C,Southampton,no,False
542,1,2,male,32.0,1,0,26.0,S,Second,man,True,C,Southampton,yes,False
543,0,1,male,50.0,1,0,106.425,C,First,man,True,C,Cherbourg,no,False
544,0,1,male,64.0,0,0,26.0,S,First,man,True,C,Southampton,no,True
545,1,2,female,19.0,1,0,26.0,S,Second,woman,False,C,Southampton,yes,False
546,1,2,male,29.69869565217391,0,0,13.8625,C,Second,man,True,C,Cherbourg,yes,True
547,0,3,male,33.0,1,1,20.525,S,Third,man,True,C,Southampton,no,False
548,1,2,male,8.0,1,1,36.75,S,Second,child,False,C,Southampton,yes,False
549,1,1,male,17.0,0,2,110.8833,C,First,man,True,C,Cherbourg,yes,False
550,0,2,male,27.0,0,0,26.0,S,Second,man,True,C,Southampton,no,True
551,0,3,male,29.69869565217391,0,0,7.8292,Q,Third,man,True,C,Queenstown,no,True
552,1,3,male,22.0,0,0,7.225,C,Third,man,True,C,Cherbourg,yes,True
553,1,3,female,22.0,0,0,7.775,S,Third,woman,False,C,Southampton,yes,True
555,1,1,female,48.0,1,0,39.6,C,First,woman,False,A,Cherbourg,yes,False
556,0,1,male,29.69869565217391,0,0,227.525,C,First,man,True,C,Cherbourg,no,True
557,1,1,female,39.0,1,1,79.65,S,First,woman,False,E,Southampton,yes,False
558,1,3,female,36.0,1,0,17.4,S,Third,woman,False,C,Southampton,yes,False
560,0,3,male,40.0,0,0,7.8958,S,Third,man,True,C,Southampton,no,True
561,0,2,male,28.0,0,0,13.5,S,Second,man,True,C,Southampton,no,True
564,0,3,male,24.0,2,0,24.15,S,Third,man,True,C,Southampton,no,False
565,0,3,male,19.0,0,0,7.8958,S,Third,man,True,C,Southampton,no,True
566,0,3,female,29.0,0,4,21.075,S,Third,woman,False,C,Southampton,no,False
568,1,3,male,32.0,0,0,7.8542,S,Third,man,True,C,Southampton,yes,True
569,1,2,male,62.0,0,0,10.5,S,Second,man,True,C,Southampton,yes,True
570,1,1,female,53.0,2,0,51.4792,S,First,woman,False,C,Southampton,yes,False
571,1,1,male,36.0,0,0,26.3875,S,First,man,True,E,Southampton,yes,True
573,0,3,male,16.0,0,0,8.05,S,Third,man,True,C,Southampton,no,True
574,0,3,male,19.0,0,0,14.5,S,Third,man,True,C,Southampton,no,True
575,1,2,female,34.0,0,0,13.0,S,Second,woman,False,C,Southampton,yes,True
576,1,1,female,39.0,1,0,55.9,S,First,woman,False,E,Southampton,yes,False
577,0,3,female,29.69869565217391,1,0,14.4583,C,Third,woman,False,C,Cherbourg,no,False
578,1,3,male,32.0,0,0,7.925,S,Third,man,True,C,Southampton,yes,True
579,1,2,female,25.0,1,1,30.0,S,Second,woman,False,C,Southampton,yes,False
580,1,1,female,39.0,1,1,110.8833,C,First,woman,False,C,Cherbourg,yes,False
581,0,2,male,54.0,0,0,26.0,S,Second,man,True,C,Southampton,no,True
582,0,1,male,36.0,0,0,40.125,C,First,man,True,A,Cherbourg,no,True
583,0,3,male,29.69869565217391,0,0,8.7125,C,Third,man,True,C,Cherbourg,no,True
584,1,1,female,18.0,0,2,79.65,S,First,woman,False,E,Southampton,yes,False
585,0,2,male,47.0,0,0,15.0,S,Second,man,True,C,Southampton,no,True
586,1,1,male,60.0,1,1,79.2,C,First,man,True,B,Cherbourg,yes,False
589,0,3,male,35.0,0,0,7.125,S,Third,man,True,C,Southampton,no,True
590,1,1,female,52.0,1,0,78.2667,C,First,woman,False,D,Cherbourg,yes,False
591,0,3,male,47.0,0,0,7.25,S,Third,man,True,C,Southampton,no,True
592,0,3,female,29.69869565217391,0,2,7.75,Q,Third,woman,False,C,Queenstown,no,False
593,0,2,male,37.0,1,0,26.0,S,Second,man,True,C,Southampton,no,False
594,0,3,male,36.0,1,1,24.15,S,Third,man,True,C,Southampton,no,False
595,1,2,female,29.69869565217391,0,0,33.0,S,Second,woman,False,C,Southampton,yes,True
596,0,3,male,49.0,0,0,0.0,S,Third,man,True,C,Southampton,no,True
598,1,1,male,49.0,1,0,56.9292,C,First,man,True,A,Cherbourg,yes,False
599,1,2,female,24.0,2,1,27.0,S,Second,woman,False,C,Southampton,yes,False
601,0,1,male,29.69869565217391,0,0,42.4,S,First,man,True,C,Southampton,no,True
602,0,3,male,44.0,0,0,8.05,S,Third,man,True,C,Southampton,no,True
603,1,1,male,35.0,0,0,26.55,C,First,man,True,C,Cherbourg,yes,True
604,0,3,male,36.0,1,0,15.55,S,Third,man,True,C,Southampton,no,False
605,1,1,male,27.0,0,0,30.5,S,First,man,True,C,Southampton,yes,True
606,1,2,female,22.0,1,2,41.5792,C,Second,woman,False,C,Cherbourg,yes,False
607,1,1,female,40.0,0,0,153.4625,S,First,woman,False,C,Southampton,yes,True
608,0,3,female,39.0,1,5,31.275,S,Third,woman,False,C,Southampton,no,False
609,0,3,male,29.69869565217391,0,0,7.05,S,Third,man,True,C,Southampton,no,True
613,1,2,female,24.0,1,2,65.0,S,Second,woman,False,C,Southampton,yes,False
614,0,3,male,34.0,1,1,14.4,S,Third,man,True,C,Southampton,no,False
615,0,3,female,26.0,1,0,16.1,S,Third,woman,False,C,Southampton,no,False
616,1,2,female,4.0,2,1,39.0,S,Second,child,False,F,Southampton,yes,False
617,0,2,male,26.0,0,0,10.5,S,Second,man,True,C,Southampton,no,True
618,0,3,male,27.0,1,0,14.4542,C,Third,man,True,C,Cherbourg,no,False
619,1,1,male,42.0,1,0,52.5542,S,First,man,True,D,Southampton,yes,False
620,1,3,male,20.0,1,1,15.7417,C,Third,man,True,C,Cherbourg,yes,False
621,0,3,male,21.0,0,0,7.8542,S,Third,man,True,C,Southampton,no,True
622,0,3,male,21.0,0,0,16.1,S,Third,man,True,C,Southampton,no,True
623,0,1,male,61.0,0,0,32.3208,S,First,man,True,D,Southampton,no,True
624,0,2,male,57.0,0,0,12.35,Q,Second,man,True,C,Queenstown,no,True
625,1,1,female,21.0,0,0,77.9583,S,First,woman,False,D,Southampton,yes,True
626,0,3,male,26.0,0,0,7.8958,S,Third,man,True,C,Southampton,no,True
627,0,3,male,29.69869565217391,0,0,7.7333,Q,Third,man,True,C,Queenstown,no,True
628,1,1,male,80.0,0,0,30.0,S,First,man,True,A,Southampton,yes,True
629,0,3,male,51.0,0,0,7.0542,S,Third,man,True,C,Southampton,no,True
630,1,1,male,32.0,0,0,30.5,C,First,man,True,B,Cherbourg,yes,True
631,0,1,male,29.69869565217391,0,0,0.0,S,First,man,True,C,Southampton,no,True
632,0,3,female,9.0,3,2,27.9,S,Third,child,False,C,Southampton,no,False
635,0,2,male,31.0,1,1,26.25,S,Second,man,True,C,Southampton,no,False
636,0,3,female,41.0,0,5,39.6875,S,Third,woman,False,C,Southampton,no,False
637,0,3,male,29.69869565217391,1,0,16.1,S,Third,man,True,C,Southampton,no,False
640,0,3,female,2.0,3,2,27.9,S,Third,child,False,C,Southampton,no,False
641,1,3,male,29.69869565217391,0,0,56.4958,S,Third,man,True,C,Southampton,yes,True
643,1,1,male,48.0,1,0,76.7292,C,First,man,True,D,Cherbourg,yes,False
645,1,1,male,56.0,0,0,35.5,C,First,man,True,A,Cherbourg,yes,True
646,0,3,male,29.69869565217391,0,0,7.55,S,Third,man,True,C,Southampton,no,True
647,1,3,female,23.0,0,0,7.55,S,Third,woman,False,C,Southampton,yes,True
649,1,2,female,18.0,0,1,23.0,S,Second,woman,False,C,Southampton,yes,False
650,0,3,male,21.0,0,0,8.4333,S,Third,man,True,C,Southampton,no,True
651,1,3,female,29.69869565217391,0,0,7.8292,Q,Third,woman,False,C,Queenstown,yes,True
652,0,3,female,18.0,0,0,6.75,Q,Third,woman,False,C,Queenstown,no,True
653,0,2,male,24.0,2,0,73.5,S,Second,man,True,C,Southampton,no,False
655,0,3,female,32.0,1,1,15.5,Q,Third,woman,False,C,Queenstown,no,False
656,0,2,male,23.0,0,0,13.0,S,Second,man,True,C,Southampton,no,True
657,0,1,male,58.0,0,2,113.275,C,First,man,True,D,Cherbourg,no,False
658,1,1,male,50.0,2,0,133.65,S,First,man,True,C,Southampton,yes,False
659,0,3,male,40.0,0,0,7.225,C,Third,man,True,C,Cherbourg,no,True
660,0,1,male,47.0,0,0,25.5875,S,First,man,True,E,Southampton,no,True
661,0,3,male,36.0,0,0,7.4958,S,Third,man,True,C,Southampton,no,True
662,1,3,male,20.0,1,0,7.925,S,Third,man,True,C,Southampton,yes,False
663,0,2,male,32.0,2,0,73.5,S,Second,man,True,C,Southampton,no,False
665,0,3,male,29.69869565217391,0,0,7.775,S,Third,man,True,C,Southampton,no,True
666,0,3,male,43.0,0,0,8.05,S,Third,man,True,C,Southampton,no,True
667,1,1,female,29.69869565217391,1,0,52.0,S,First,woman,False,C,Southampton,yes,False
668,1,2,female,40.0,1,1,39.0,S,Second,woman,False,C,Southampton,yes,False
669,0,1,male,31.0,1,0,52.0,S,First,man,True,B,Southampton,no,False
670,0,2,male,70.0,0,0,10.5,S,Second,man,True,C,Southampton,no,True
671,1,2,male,31.0,0,0,13.0,S,Second,man,True,C,Southampton,yes,True
673,0,3,male,18.0,0,0,7.775,S,Third,man,True,C,Southampton,no,True
674,0,3,male,24.5,0,0,8.05,S,Third,man,True,C,Southampton,no,True
675,1,3,female,18.0,0,0,9.8417,S,Third,woman,False,C,Southampton,yes,True
676,0,3,female,43.0,1,6,46.9,S,Third,woman,False,C,Southampton,no,False
677,1,1,male,36.0,0,1,512.3292,C,First,man,True,B,Cherbourg,yes,False
678,0,3,female,29.69869565217391,0,0,8.1375,Q,Third,woman,False,C,Queenstown,no,True
679,1,1,male,27.0,0,0,76.7292,C,First,man,True,D,Cherbourg,yes,True
680,0,3,male,20.0,0,0,9.225,S,Third,man,True,C,Southampton,no,True
681,0,3,male,14.0,5,2,46.9,S,Third,child,False,C,Southampton,no,False
682,0,2,male,60.0,1,1,39.0,S,Second,man,True,C,Southampton,no,False
683,0,2,male,25.0,1,2,41.5792,C,Second,man,True,C,Cherbourg,no,False
684,0,3,male,14.0,4,1,39.6875,S,Third,child,False,C,Southampton,no,False
685,0,3,male,19.0,0,0,10.1708,S,Third,man,True,C,Southampton,no,True
686,0,3,male,18.0,0,0,7.7958,S,Third,man,True,C,Southampton,no,True
687,1,1,female,15.0,0,1,211.3375,S,First,child,False,B,Southampton,yes,False
688,1,1,male,31.0,1,0,57.0,S,First,man,True,B,Southampton,yes,False
689,1,3,female,4.0,0,1,13.4167,C,Third,child,False,C,Cherbourg,yes,False
691,0,3,male,25.0,0,0,7.225,C,Third,man,True,C,Cherbourg,no,True
692,0,1,male,60.0,0,0,26.55,S,First,man,True,C,Southampton,no,True
693,0,2,male,52.0,0,0,13.5,S,Second,man,True,C,Southampton,no,True
695,1,3,female,29.69869565217391,0,0,7.7333,Q,Third,woman,False,C,Queenstown,yes,True
696,0,1,male,49.0,1,1,110.8833,C,First,man,True,C,Cherbourg,no,False
697,0,3,male,42.0,0,0,7.65,S,Third,man,True,F,Southampton,no,True
698,1,1,female,18.0,1,0,227.525,C,First,woman,False,C,Cherbourg,yes,False
699,1,1,male,35.0,0,0,26.2875,S,First,man,True,E,Southampton,yes,True
700,0,3,female,18.0,0,1,14.4542,C,Third,woman,False,C,Cherbourg,no,False
701,0,3,male,25.0,0,0,7.7417,Q,Third,man,True,C,Queenstown,no,True
702,0,3,male,26.0,1,0,7.8542,S,Third,man,True,C,Southampton,no,False
703,0,2,male,39.0,0,0,26.0,S,Second,man,True,C,Southampton,no,True
704,1,2,female,45.0,0,0,13.5,S,Second,woman,False,C,Southampton,yes,True
705,1,1,male,42.0,0,0,26.2875,S,First,man,True,E,Southampton,yes,True
706,1,1,female,22.0,0,0,151.55,S,First,woman,False,C,Southampton,yes,True
708,1,1,female,24.0,0,0,49.5042,C,First,woman,False,C,Cherbourg,yes,True
709,0,1,male,29.69869565217391,0,0,26.55,S,First,man,True,C,Southampton,no,True
710,1,1,male,48.0,1,0,52.0,S,First,man,True,C,Southampton,yes,False
711,0,3,male,29.0,0,0,9.4833,S,Third,man,True,C,Southampton,no,True
712,0,2,male,52.0,0,0,13.0,S,Second,man,True,C,Southampton,no,True
713,0,3,male,19.0,0,0,7.65,S,Third,man,True,F,Southampton,no,True
714,1,1,female,38.0,0,0,227.525,C,First,woman,False,C,Cherbourg,yes,True
715,1,2,female,27.0,0,0,10.5,S,Second,woman,False,E,Southampton,yes,True
716,0,3,male,29.69869565217391,0,0,15.5,Q,Third,man,True,C,Queenstown,no,True
717,0,3,male,33.0,0,0,7.775,S,Third,man,True,C,Southampton,no,True
718,1,2,female,6.0,0,1,33.0,S,Second,child,False,C,Southampton,yes,False
719,0,3,male,17.0,1,0,7.0542,S,Third,man,True,C,Southampton,no,False
720,0,2,male,34.0,0,0,13.0,S,Second,man,True,C,Southampton,no,True
721,0,2,male,50.0,0,0,13.0,S,Second,man,True,C,Southampton,no,True
722,1,1,male,27.0,1,0,53.1,S,First,man,True,E,Southampton,yes,False
723,0,3,male,20.0,0,0,8.6625,S,Third,man,True,C,Southampton,no,True
724,1,2,female,30.0,3,0,21.0,S,Second,woman,False,C,Southampton,yes,False
725,1,3,female,29.69869565217391,0,0,7.7375,Q,Third,woman,False,C,Queenstown,yes,True
726,0,2,male,25.0,1,0,26.0,S,Second,man,True,C,Southampton,no,False
727,0,3,female,25.0,1,0,7.925,S,Third,woman,False,C,Southampton,no,False
728,1,1,female,29.0,0,0,211.3375,S,First,woman,False,B,Southampton,yes,True
729,0,3,male,11.0,0,0,18.7875,C,Third,child,False,C,Cherbourg,no,True
733,0,3,male,28.5,0,0,16.1,S,Third,man,True,C,Southampton,no,True
734,0,3,female,48.0,1,3,34.375,S,Third,woman,False,C,Southampton,no,False
735,1,1,male,35.0,0,0,512.3292,C,First,man,True,B,Cherbourg,yes,True
738,1,1,male,29.69869565217391,0,0,30.0,S,First,man,True,D,Southampton,yes,True
739,0,1,male,36.0,1,0,78.85,S,First,man,True,C,Southampton,no,False
740,1,1,female,21.0,2,2,262.375,C,First,woman,False,B,Cherbourg,yes,False
741,0,3,male,24.0,1,0,16.1,S,Third,man,True,C,Southampton,no,False
742,1,3,male,31.0,0,0,7.925,S,Third,man,True,C,Southampton,yes,True
743,0,1,male,70.0,1,1,71.0,S,First,man,True,B,Southampton,no,False
744,0,3,male,16.0,1,1,20.25,S,Third,man,True,C,Southampton,no,False
745,1,2,female,30.0,0,0,13.0,S,Second,woman,False,C,Southampton,yes,True
746,0,1,male,19.0,1,0,53.1,S,First,man,True,D,Southampton,no,False
747,0,3,male,31.0,0,0,7.75,Q,Third,man,True,C,Queenstown,no,True
748,1,2,female,4.0,1,1,23.0,S,Second,child,False,C,Southampton,yes,False
749,1,3,male,6.0,0,1,12.475,S,Third,child,False,E,Southampton,yes,False
750,0,3,male,33.0,0,0,9.5,S,Third,man,True,C,Southampton,no,True
751,0,3,male,23.0,0,0,7.8958,S,Third,man,True,C,Southampton,no,True
752,1,2,female,48.0,1,2,65.0,S,Second,woman,False,C,Southampton,yes,False
753,1,2,male,0.67,1,1,14.5,S,Second,child,False,C,Southampton,yes,False
754,0,3,male,28.0,0,0,7.7958,S,Third,man,True,C,Southampton,no,True
757,1,1,female,33.0,0,0,86.5,S,First,woman,False,B,Southampton,yes,True
759,0,3,male,41.0,0,0,7.125,S,Third,man,True,C,Southampton,no,True
760,1,3,male,20.0,0,0,7.2292,C,Third,man,True,C,Cherbourg,yes,True
761,1,1,female,36.0,1,2,120.0,S,First,woman,False,B,Southampton,yes,False
762,0,3,male,16.0,0,0,7.775,S,Third,man,True,C,Southampton,no,True
763,1,1,female,51.0,1,0,77.9583,S,First,woman,False,D,Southampton,yes,False
764,0,1,male,29.69869565217391,0,0,39.6,C,First,man,True,C,Cherbourg,no,True
765,0,3,female,30.5,0,0,7.75,Q,Third,woman,False,C,Queenstown,no,True
766,0,3,male,29.69869565217391,1,0,24.15,Q,Third,man,True,C,Queenstown,no,False
767,0,3,male,32.0,0,0,8.3625,S,Third,man,True,C,Southampton,no,True
768,0,3,male,24.0,0,0,9.5,S,Third,man,True,C,Southampton,no,True
769,0,3,male,48.0,0,0,7.8542,S,Third,man,True,C,Southampton,no,True
770,0,2,female,57.0,0,0,10.5,S,Second,woman,False,E,Southampton,no,True
772,1,2,female,54.0,1,3,23.0,S,Second,woman,False,C,Southampton,yes,False
773,0,3,male,18.0,0,0,7.75,S,Third,man,True,C,Southampton,no,True
774,0,3,male,29.69869565217391,0,0,7.75,Q,Third,man,True,F,Queenstown,no,True
775,1,3,female,5.0,0,0,12.475,S,Third,child,False,C,Southampton,yes,True
776,0,3,male,29.69869565217391,0,0,7.7375,Q,Third,man,True,C,Queenstown,no,True
777,1,1,female,43.0,0,1,211.3375,S,First,woman,False,B,Southampton,yes,False
778,1,3,female,13.0,0,0,7.2292,C,Third,child,False,C,Cherbourg,yes,True
779,1,1,female,17.0,1,0,57.0,S,First,woman,False,B,Southampton,yes,False
780,0,1,male,29.0,0,0,30.0,S,First,man,True,D,Southampton,no,True
781,0,3,male,29.69869565217391,1,2,23.45,S,Third,man,True,C,Southampton,no,False
782,0,3,male,25.0,0,0,7.05,S,Third,man,True,C,Southampton,no,True
783,0,3,male,25.0,0,0,7.25,S,Third,man,True,C,Southampton,no,True
784,1,3,female,18.0,0,0,7.4958,S,Third,woman,False,C,Southampton,yes,True
785,0,3,male,8.0,4,1,29.125,Q,Third,child,False,C,Queenstown,no,False
786,1,3,male,1.0,1,2,20.575,S,Third,child,False,C,Southampton,yes,False
787,0,1,male,46.0,0,0,79.2,C,First,man,True,B,Cherbourg,no,True
789,0,2,male,16.0,0,0,26.0,S,Second,man,True,C,Southampton,no,True
791,0,1,male,29.69869565217391,0,0,30.6958,C,First,man,True,C,Cherbourg,no,True
792,0,3,male,25.0,0,0,7.8958,S,Third,man,True,C,Southampton,no,True
793,0,2,male,39.0,0,0,13.0,S,Second,man,True,C,Southampton,no,True
794,1,1,female,49.0,0,0,25.9292,S,First,woman,False,D,Southampton,yes,True
795,1,3,female,31.0,0,0,8.6833,S,Third,woman,False,C,Southampton,yes,True
796,0,3,male,30.0,0,0,7.2292,C,Third,man,True,C,Cherbourg,no,True
797,0,3,female,30.0,1,1,24.15,S,Third,woman,False,C,Southampton,no,False
799,1,2,female,31.0,1,1,26.25,S,Second,woman,False,C,Southampton,yes,False
800,1,1,male,11.0,1,2,120.0,S,First,child,False,B,Southampton,yes,False
801,1,3,male,0.42,0,1,8.5167,C,Third,child,False,C,Cherbourg,yes,False
802,1,3,male,27.0,0,0,6.975,S,Third,man,True,C,Southampton,yes,True
803,0,3,male,31.0,0,0,7.775,S,Third,man,True,C,Southampton,no,True
804,0,1,male,39.0,0,0,0.0,S,First,man,True,A,Southampton,no,True
805,0,3,female,18.0,0,0,7.775,S,Third,woman,False,C,Southampton,no,True
807,1,1,female,33.0,1,0,53.1,S,First,woman,False,E,Southampton,yes,False
808,0,3,male,26.0,0,0,7.8875,S,Third,man,True,C,Southampton,no,True
809,0,3,male,39.0,0,0,24.15,S,Third,man,True,C,Southampton,no,True
810,0,2,male,35.0,0,0,10.5,S,Second,man,True,C,Southampton,no,True
811,0,3,female,6.0,4,2,31.275,S,Third,child,False,C,Southampton,no,False
812,0,3,male,30.5,0,0,8.05,S,Third,man,True,C,Southampton,no,True
813,0,1,male,29.69869565217391,0,0,0.0,S,First,man,True,B,Southampton,no,True
814,0,3,female,23.0,0,0,7.925,S,Third,woman,False,C,Southampton,no,True
815,0,2,male,31.0,1,1,37.0042,C,Second,man,True,C,Cherbourg,no,False
816,0,3,male,43.0,0,0,6.45,S,Third,man,True,C,Southampton,no,True
817,0,3,male,10.0,3,2,27.9,S,Third,child,False,C,Southampton,no,False
818,1,1,female,52.0,1,1,93.5,S,First,woman,False,B,Southampton,yes,False
819,1,3,male,27.0,0,0,8.6625,S,Third,man,True,C,Southampton,yes,True
820,0,1,male,38.0,0,0,0.0,S,First,man,True,C,Southampton,no,True
821,1,3,female,27.0,0,1,12.475,S,Third,woman,False,E,Southampton,yes,False
822,0,3,male,2.0,4,1,39.6875,S,Third,child,False,C,Southampton,no,False
823,0,3,male,29.69869565217391,0,0,6.95,Q,Third,man,True,C,Queenstown,no,True
824,0,3,male,29.69869565217391,0,0,56.4958,S,Third,man,True,C,Southampton,no,True
825,1,2,male,1.0,0,2,37.0042,C,Second,child,False,C,Cherbourg,yes,False
826,1,3,male,29.69869565217391,0,0,7.75,Q,Third,man,True,C,Queenstown,yes,True
828,1,3,female,15.0,1,0,14.4542,C,Third,child,False,C,Cherbourg,yes,False
829,1,2,male,0.83,1,1,18.75,S,Second,child,False,C,Southampton,yes,False
831,0,3,male,23.0,0,0,7.8542,S,Third,man,True,C,Southampton,no,True
832,0,3,male,18.0,0,0,8.3,S,Third,man,True,C,Southampton,no,True
833,1,1,female,39.0,1,1,83.1583,C,First,woman,False,E,Cherbourg,yes,False
834,0,3,male,21.0,0,0,8.6625,S,Third,man,True,C,Southampton,no,True
837,1,1,male,29.69869565217391,0,0,29.7,C,First,man,True,C,Cherbourg,yes,True
838,0,3,male,20.0,0,0,7.925,S,Third,man,True,C,Southampton,no,True
839,0,2,male,16.0,0,0,10.5,S,Second,man,True,C,Southampton,no,True
840,1,1,female,30.0,0,0,31.0,C,First,woman,False,C,Cherbourg,yes,True
841,0,3,male,34.5,0,0,6.4375,C,Third,man,True,C,Cherbourg,no,True
843,0,3,male,42.0,0,0,7.55,S,Third,man,True,C,Southampton,no,True
845,0,3,male,35.0,0,0,7.8958,C,Third,man,True,C,Cherbourg,no,True
846,0,2,male,28.0,0,1,33.0,S,Second,man,True,C,Southampton,no,False
847,1,1,female,29.69869565217391,1,0,89.1042,C,First,woman,False,C,Cherbourg,yes,False
848,0,3,male,4.0,4,2,31.275,S,Third,child,False,C,Southampton,no,False
849,0,3,male,74.0,0,0,7.775,S,Third,man,True,C,Southampton,no,True
850,0,3,female,9.0,1,1,15.2458,C,Third,child,False,C,Cherbourg,no,False
851,1,1,female,16.0,0,1,39.4,S,First,woman,False,D,Southampton,yes,False
852,0,2,female,44.0,1,0,26.0,S,Second,woman,False,C,Southampton,no,False
853,1,3,female,18.0,0,1,9.35,S,Third,woman,False,C,Southampton,yes,False
854,1,1,female,45.0,1,1,164.8667,S,First,woman,False,C,Southampton,yes,False
855,1,1,male,51.0,0,0,26.55,S,First,man,True,E,Southampton,yes,True
856,1,3,female,24.0,0,3,19.2583,C,Third,woman,False,C,Cherbourg,yes,False
858,0,3,male,41.0,2,0,14.1083,S,Third,man,True,C,Southampton,no,False
859,0,2,male,21.0,1,0,11.5,S,Second,man,True,C,Southampton,no,False
860,1,1,female,48.0,0,0,25.9292,S,First,woman,False,D,Southampton,yes,True
862,0,2,male,24.0,0,0,13.0,S,Second,man,True,C,Southampton,no,True
863,1,2,female,42.0,0,0,13.0,S,Second,woman,False,C,Southampton,yes,True
864,1,2,female,27.0,1,0,13.8583,C,Second,woman,False,C,Cherbourg,yes,False
865,0,1,male,31.0,0,0,50.4958,S,First,man,True,A,Southampton,no,True
866,0,3,male,29.69869565217391,0,0,9.5,S,Third,man,True,C,Southampton,no,True
867,1,3,male,4.0,1,1,11.1333,S,Third,child,False,C,Southampton,yes,False
869,1,1,female,47.0,1,1,52.5542,S,First,woman,False,D,Southampton,yes,False
870,0,1,male,33.0,0,0,5.0,S,First,man,True,B,Southampton,no,True
871,0,3,male,47.0,0,0,9.0,S,Third,man,True,C,Southampton,no,True
872,1,2,female,28.0,1,0,24.0,C,Second,woman,False,C,Cherbourg,yes,False
873,1,3,female,15.0,0,0,7.225,C,Third,child,False,C,Cherbourg,yes,True
874,0,3,male,20.0,0,0,9.8458,S,Third,man,True,C,Southampton,no,True
877,1,1,female,56.0,0,1,83.1583,C,First,woman,False,C,Cherbourg,yes,False
878,1,2,female,25.0,0,1,26.0,S,Second,woman,False,C,Southampton,yes,False
879,0,3,male,33.0,0,0,7.8958,S,Third,man,True,C,Southampton,no,True
880,0,3,female,22.0,0,0,10.5167,S,Third,woman,False,C,Southampton,no,True
881,0,2,male,28.0,0,0,10.5,S,Second,man,True,C,Southampton,no,True
883,0,3,female,39.0,0,5,29.125,Q,Third,woman,False,C,Queenstown,no,False
885,1,1,female,19.0,0,0,30.0,S,First,woman,False,B,Southampton,yes,True
886,0,3,female,29.69869565217391,1,2,23.45,S,Third,woman,False,C,Southampton,no,False
887,1,1,male,26.0,0,0,30.0,C,First,man,True,C,Cherbourg,yes,True
888,0,3,male,32.0,0,0,7.75,Q,Third,man,True,C,Queenstown,no,True
